{
    "n_estimators": 1174,
    "learning_rate": 0.048476600922859735,
    "max_depth": 3,
    "subsample": 0.9751250144753952,
    "colsample_bytree": 0.21001510994302897
}