{
    "learning_rate": 0.0821466421376206,
    "max_depth": 5,
    "subsample": 0.5214887319102285,
    "colsample_bytree": 0.22218382043638601
}